cluster,keyword,location,priority,target_url
core,website design Kansas City,Kansas City,1,https://hometownkc.agency/services/website-design
core,web design Kansas City,Kansas City,1,https://hometownkc.agency/services/website-design
core,website designer Kansas City,Kansas City,1,https://hometownkc.agency/services/website-design
core,website design near me,Kansas City,1,https://hometownkc.agency/services/website-design
core,web design company near me,Kansas City,1,https://hometownkc.agency/services/website-design
small-business,small business website design Kansas City,Kansas City,1,https://hometownkc.agency/services/small-business-websites
small-business,affordable website design Kansas City,Kansas City,1,https://hometownkc.agency/services/small-business-websites
small-business,website creation for small business,Kansas City,2,https://hometownkc.agency/services/small-business-websites
small-business,website builders for small business,Kansas City,2,https://hometownkc.agency/website-builder-vs-custom-website-for-small-businesses
redesign,website redesign Kansas City,Kansas City,1,https://hometownkc.agency/services/website-redesign
redesign,website redesign services,Kansas City,1,https://hometownkc.agency/services/website-redesign
cost,website design cost Kansas City,Kansas City,1,https://hometownkc.agency/website-design-cost-kansas-city
cost,how much does a website cost in Kansas City,Kansas City,2,https://hometownkc.agency/website-design-cost-kansas-city
location,website design Overland Park KS,Overland Park,1,https://hometownkc.agency/locations/overland-park-ks
location,website design Olathe KS,Olathe,1,https://hometownkc.agency/locations/olathe-ks
location,website design Leawood KS,Leawood,1,https://hometownkc.agency/locations/leawood-ks
location,website design Lenexa KS,Lenexa,1,https://hometownkc.agency/locations/lenexa-ks
location,website design Shawnee KS,Shawnee,1,https://hometownkc.agency/locations/shawnee-ks
industry,construction website design,Kansas City,1,https://hometownkc.agency/industries/construction-website-design-kansas-city
industry,contractor website design Kansas City,Kansas City,1,https://hometownkc.agency/industries/construction-website-design-kansas-city
industry,home services website design Kansas City,Kansas City,1,https://hometownkc.agency/industries/home-services-website-design-kansas-city
secondary,SEO services Kansas City,Kansas City,3,https://hometownkc.agency/services/search-engine-optimization
secondary,Google Ads management Kansas City,Kansas City,3,https://hometownkc.agency/services/google-ads-management
brand,Hometown Marketing Agency,Kansas City,1,https://hometownkc.agency/
brand,hometownkc agency,Kansas City,1,https://hometownkc.agency/
